"geo.id","pop.2013","pop.2015","pop.diff","pop.diff.pct","age.2013","age.2015","age.diff","age.diff.pct","income.2013","income.2015","income.diff","income.diff.pct","pct.english.2013","pct.english.2015","pct.english.diff","pct.english.diff.pct","pct.citizens.2013","pct.citizens.2015","pct.citizens.diff","pct.citizens.diff.pct","pct.white.2013","pct.white.2015","pct.white.diff","pct.white.diff.pct","home.owner.2013","home.owner.2015","home.owner.diff","home.owner.diff.pct","home.value.2013","home.value.2015","home.value.diff","home.value.diff.pct"
"53033000100",6282,6918,636,0.101241642788921,36.3,34.8,-1.5,-0.0413223140495868,40313,44951,4638,0.11504973581723,0.671315,0.629276,-0.042039,-0.0626218690182702,0.897166,0.907488,0.0103219999999999,0.011505117224683,0.594237503979624,0.576322636600173,-0.0179148673794508,-0.0301476552043156,0.31741,0.317941,0.000530999999999948,0.00167291515705223,414000,410700,-3300,-0.00797101449275362
"53033000200",7372,7974,602,0.0816603364080304,42.9,38.9,-4,-0.0932400932400932,53014,56208,3194,0.0602482363149357,0.73739,0.687541,-0.049849,-0.0676019474091051,0.896229,0.849762,-0.046467,-0.0518472399353291,0.64270211611503,0.566842237271131,-0.0758598788438987,-0.118032719889663,0.561153,0.536674,-0.024479,-0.0436226840095304,338900,342400,3500,0.01032753024491
"53033000300",2541,2637,96,0.0377804014167651,40.6,36.7,-3.9,-0.0960591133004926,64455,64297,-158,-0.00245132262819021,0.767879,0.82407,0.056191,0.0731768937553963,0.928768,0.944634,0.0158659999999999,0.0170828452315325,0.687131050767414,0.712931361395525,0.0258003106281108,0.0375478747457214,0.579387,0.559338,-0.020049,-0.0346038140310362,323200,336300,13100,0.0405321782178218
"53033000401",6110,5907,-203,-0.0332242225859247,37,38.1,1.1,0.0297297297297298,31059,32472,1413,0.0454940596928427,0.723588,0.720353,-0.00323499999999999,-0.00447077618755423,0.86252,0.900119,0.037599,0.0435920326485184,0.588379705400982,0.548163196207889,-0.0402165091930931,-0.0683512854436157,0.252768,0.295971,0.043203,0.170919578427649,276700,291400,14700,0.0531261293820022
"53033000402",4496,4906,410,0.0911921708185053,50.4,47.9,-2.5,-0.0496031746031746,49016,62726,13710,0.279704586257549,0.793523,0.868747,0.075224,0.0947975042941414,0.954181,0.961476,0.00729500000000005,0.00764530000073367,0.789590747330961,0.767835303709743,-0.0217554436212177,-0.0275528097242239,0.424153,0.45585,0.031697,0.0747301091822997,389300,405400,16100,0.0413562805034678
"53033000500",3119,3044,-75,-0.0240461686437961,49.2,51.8,2.59999999999999,0.0528455284552844,126719,125400,-1319,-0.0104088573931297,0.866887,0.894097,0.0272100000000001,0.0313881740065315,0.979481,0.985874,0.00639299999999998,0.00652692599448073,0.822699583199743,0.862352168199737,0.0396525849999937,0.04819813430046,0.944838,0.949438,0.00460000000000005,0.00486855947792113,562700,568400,5700,0.0101297316509685
"53033000600",7205,7674,469,0.0650936849410132,38.3,37.2,-1.09999999999999,-0.0287206266318536,59790,60131,341,0.0057032948653621,0.75099,0.720574,-0.030416,-0.0405012050759664,0.91034,0.927026,0.016686,0.0183294153832634,0.662595419847328,0.622882460255408,-0.0397129595919204,-0.0599354574486357,0.560071,0.523169,-0.036902,-0.0658880749047888,344700,365000,20300,0.058891789962286
"53033000700",4355,4892,537,0.123306544202067,34.4,34.5,0.100000000000001,0.00290697674418609,50893,51741,848,0.0166624093686755,0.760088,0.695309,-0.064779,-0.0852256580816958,0.885189,0.87408,-0.011109,-0.0125498622328113,0.638346727898967,0.571749795584628,-0.0665969323143387,-0.104327208715448,0.398478,0.498847,0.100369,0.251880906850566,332300,323700,-8600,-0.0258802287089979
"53033000800",2691,2487,-204,-0.0758082497212932,41.6,46.6,5,0.120192307692308,78631,87222,8591,0.109257163205352,0.879421,0.864888,-0.014533,-0.016525645851077,0.955779,0.96341,0.00763099999999994,0.00798406326148612,0.838721664808621,0.827503015681544,-0.0112186491270773,-0.0133758904745082,0.737198,0.736274,-0.000924000000000036,-0.00125339461040322,389000,419900,30900,0.0794344473007712
"53033000900",1995,1971,-24,-0.0120300751879699,46.3,47.1,0.800000000000004,0.0172786177105832,105347,125109,19762,0.187589584895631,0.881572,0.863441,-0.018131,-0.0205666695403212,0.940852,0.953831,0.012979,0.0137949433067049,0.805513784461153,0.817351598173516,0.0118378137123631,0.0146959790641969,0.790123,0.836493,0.04637,0.0586870651784596,590400,628400,38000,0.0643631436314363
"53033001000",1891,2094,203,0.107350608143839,37.2,35.2,-2,-0.053763440860215,67837,69643,1806,0.0266226395624807,0.734637,0.73459,-4.69999999999082e-05,-6.3977175121738e-05,0.86092,0.846227,-0.0146930000000001,-0.0170666263996656,0.58011634056055,0.546800382043935,-0.0333159585166148,-0.0574297881084035,0.560544,0.515152,-0.045392,-0.0809784780498944,385000,415500,30500,0.0792207792207792
"53033001100",2649,2669,20,0.00755001887504719,39.1,37.6,-1.5,-0.0383631713554987,81071,64549,-16522,-0.203796672052892,0.778407,0.782609,0.00420200000000004,0.0053982042813079,0.935825,0.924316,-0.011509,-0.012298239521278,0.696489241223103,0.692768827276133,-0.00372041394696965,-0.00534166750434829,0.596539,0.659028,0.0624889999999999,0.104752581138869,406600,395500,-11100,-0.0272995573044761
"53033001200",6226,6556,330,0.0530035335689046,37.2,35.4,-1.8,-0.0483870967741937,37727,31863,-5864,-0.155432448909269,0.600842,0.660946,0.060104,0.100032953754897,0.815451,0.801098,-0.0143530000000001,-0.0176013028373257,0.526341150016062,0.597467968273337,0.0711268182572757,0.135134443231553,0.221632,0.258688,0.037056,0.167196072769275,249300,311900,62600,0.251103088648215
"53033001300",4578,4389,-189,-0.0412844036697248,33.1,34.6,1.5,0.0453172205438066,53030,56744,3714,0.0700358287761644,0.685817,0.761205,0.075388,0.109924367579106,0.90782,0.902711,-0.00510899999999992,-0.00562776761913146,0.530362603757099,0.595352016404648,0.0649894126475488,0.12253769814682,0.472456,0.443578,-0.028878,-0.061123152208883,311200,306300,-4900,-0.015745501285347
"53033001400",5137,5505,368,0.0716371423009539,36.9,36.7,-0.199999999999996,-0.00542005420054189,71642,72428,786,0.0109712180006142,0.842105,0.859779,0.017674,0.0209878815587129,0.938096,0.943143,0.00504699999999991,0.0053800463918404,0.786840568425151,0.794550408719346,0.00770984029419519,0.00979847837488389,0.557711,0.583975,0.0262640000000001,0.0470924905551443,374900,414100,39200,0.104561216324353
"53033001500",2568,2398,-170,-0.0661993769470405,44.5,46.9,2.4,0.0539325842696629,97284,95927,-1357,-0.0139488507873854,0.9039596,0.9248153,0.0208557,0.0230714956730368,0.984034,0.9804,-0.00363399999999992,-0.00369296182855462,0.930295950155763,0.920350291909925,-0.00994565824583837,-0.0106908540708719,0.820628,0.785908,-0.03472,-0.042309060865581,561100,585200,24100,0.0429513455711994
"53033001600",3954,4111,157,0.0397066262013151,44.9,45,0.100000000000001,0.00222717149220493,80038,96193,16155,0.201841625228017,0.895678,0.890649,-0.00502899999999995,-0.00561474101183679,0.943349,0.939431,-0.00391799999999998,-0.00415328791359293,0.8649468892261,0.823157382631963,-0.0417895065941372,-0.0483145348167305,0.781075,0.784946,0.00387100000000007,0.00495599014179185,589800,657200,67400,0.114276025771448
"53033001701",4036,4055,19,0.00470763131813677,34,35,1,0.0294117647058824,75220,65188,-10032,-0.133368784897634,0.776495,0.84346,0.0669650000000001,0.086240091694087,0.91774,0.945253,0.027513,0.0299790790419945,0.62784935579782,0.672749691738594,0.0449003359407747,0.0715145050737832,0.487271,0.441637,-0.045634,-0.0936521976477156,340800,313500,-27300,-0.0801056338028169
"53033001702",3980,4408,428,0.107537688442211,41.3,35.3,-6,-0.145278450363196,63554,62786,-768,-0.012084211851339,0.85376,0.81596,-0.0377999999999999,-0.0442747376311843,0.963317,0.956897,-0.00641999999999998,-0.00666447285784428,0.770100502512563,0.74546279491833,-0.0246377075942324,-0.0319928470554797,0.564525,0.540019,-0.024506,-0.0434099464151278,364500,378700,14200,0.038957475994513
"53033001800",5104,5217,113,0.0221394984326019,30.7,31.8,1.1,0.0358306188925082,91399,87159,-4240,-0.0463900042670051,0.790108,0.772196,-0.017912,-0.0226703184881055,0.914773,0.908952,-0.00582099999999997,-0.00636332729540549,0.711990595611285,0.699252443933295,-0.0127381516779903,-0.0178908987794338,0.493321,0.49573,0.00240899999999999,0.00488323018886282,363000,370200,7200,0.0198347107438017
"53033001900",4345,4723,378,0.0869965477560414,36.3,36.2,-0.0999999999999943,-0.00275482093663896,60927,61391,464,0.00761567121309108,0.776415,0.757168,-0.0192469999999999,-0.0247895777387092,0.908861,0.909803,0.000941999999999998,0.00103646212127047,0.716915995397008,0.687910226550921,-0.029005768846087,-0.0404590900918934,0.527791,0.582989,0.055198,0.104583064129551,371400,374700,3300,0.00888529886914378
"53033002000",3449,3600,151,0.0437808060307335,39.2,37.3,-1.90000000000001,-0.0484693877551022,70647,80400,9753,0.138052571234447,0.9102406,0.885706,-0.0245346,-0.0269539723892781,0.963468,0.951944,-0.011524,-0.0119609577069503,0.870687155697304,0.841944444444444,-0.0287427112528591,-0.0330115255115255,0.585489,0.584682,-0.000807000000000002,-0.00137833503276749,411500,442200,30700,0.0746051032806804
"53033002100",3881,4148,267,0.0687967018809585,38.4,38.7,0.300000000000004,0.00781250000000011,82422,85759,3337,0.0404867632428235,0.770162,0.76359,-0.00657200000000002,-0.00853326962379346,0.882762,0.857281,-0.0254810000000001,-0.0288650848133473,0.764751352744138,0.745178399228544,-0.0195729535155942,-0.0255938789063413,0.691312,0.692397,0.001085,0.00156947948249127,439200,448500,9300,0.0211748633879781
"53033002200",5356,5622,266,0.049663928304705,46.5,45.3,-1.2,-0.0258064516129033,100313,132981,32668,0.325660682065136,0.873966,0.867829,-0.00613700000000006,-0.00702201229796132,0.963592,0.967094,0.00350200000000001,0.00363431825918024,0.801157580283794,0.787442191390964,-0.0137153888928299,-0.0171194646725697,0.901692,0.924919,0.023227,0.0257593501994029,547000,569900,22900,0.0418647166361974
"53033002400",2929,2994,65,0.0221918743598498,40.8,42.9,2.1,0.0514705882352942,95288,103917,8629,0.090557048106792,0.882503,0.877035,-0.00546800000000003,-0.00619601293140083,0.974735,0.96493,-0.00980500000000006,-0.0100591442802403,0.805052919085012,0.80126920507682,-0.00378371400819166,-0.00469995688294885,0.678514,0.712911,0.034397,0.0506946061540366,464300,470600,6300,0.0135688132672841
"53033002500",2950,2981,31,0.0105084745762712,37.9,38.4,0.5,0.0131926121372032,100577,101413,836,0.00831203953190093,0.868937,0.9076699,0.0387329000000001,0.044575038236374,0.958644,0.961758,0.00311399999999995,0.00324833827781736,0.846440677966102,0.865145924186515,0.0187052462204129,0.0220987089908763,0.801292,0.729858,-0.071434,-0.089148525131912,455600,457000,1400,0.00307287093942054
"53033002600",4866,4989,123,0.0252774352651048,35.3,36,0.700000000000003,0.019830028328612,93125,91458,-1667,-0.0179006711409396,0.877016,0.861259,-0.015757,-0.0179666049422132,0.961365,0.953297,-0.00806800000000008,-0.00839223395900628,0.808672420879573,0.810583283223091,0.00191086234351823,0.00236296217625405,0.648177,0.65555,0.00737299999999996,0.0113749793652042,513000,546400,33400,0.0651072124756335
"53033002700",5178,6027,849,0.16396292004635,35.7,35.2,-0.5,-0.0140056022408964,103915,111661,7746,0.0745416927296348,0.862221,0.846014,-0.016207,-0.018796804995471,0.926226,0.913556,-0.01267,-0.0136791668556054,0.832560834298957,0.767048282727725,-0.0655125515712319,-0.0786880055754672,0.720609,0.676585,-0.0440240000000001,-0.0610927701430319,493500,538300,44800,0.0907801418439716
"53033002800",4608,4727,119,0.0258246527777778,35.4,36,0.600000000000001,0.0169491525423729,76073,90568,14495,0.190540664887674,0.9229872,0.9311694,0.00818220000000003,0.0088649116694143,0.931641,0.933785,0.00214399999999992,0.00230131563552905,0.805555555555556,0.851491432198011,0.0459358766424558,0.0570238468664968,0.566314,0.580709,0.014395,0.0254187606169017,463600,510400,46800,0.100949094046592
"53033002900",4041,4303,262,0.064835436773076,37.5,40.2,2.7,0.0720000000000001,90909,103750,12841,0.141251141251141,0.894251,0.9049253,0.0106743,0.0119365815637892,0.978966,0.973507,-0.00545899999999999,-0.0055762917200393,0.87428854243999,0.891471066697653,0.0171825242576626,0.0196531504458576,0.59922,0.65229,0.0530700000000001,0.0885651346750777,447600,492300,44700,0.0998659517426273
"53033003000",5535,5719,184,0.0332429990966576,37.4,38.1,0.700000000000003,0.018716577540107,90372,90789,417,0.00461426105430886,0.9128422,0.898321,-0.0145212,-0.0159076782383637,0.964589,0.961532,-0.00305699999999998,-0.00316922544213129,0.895754290876242,0.850848050358454,-0.0449062405177879,-0.0501323197389988,0.649593,0.651602,0.00200900000000004,0.00309270574036364,462400,496900,34500,0.0746107266435986
"53033003100",6173,6223,50,0.00809978940547546,41,40.6,-0.399999999999999,-0.00975609756097558,97286,101397,4111,0.0422568509343585,0.9053958,0.9138923,0.00849650000000002,0.00938429358740124,0.967115,0.967058,-5.69999999999737e-05,-5.89381821189556e-05,0.890166855661753,0.87578338421983,-0.0143834714419231,-0.0161581745606899,0.805644,0.794636,-0.011008,-0.0136636032788676,474200,497100,22900,0.0482918599746942
"53033003200",7742,8233,491,0.0634203048307931,39.9,37.4,-2.5,-0.06265664160401,64303,79681,15378,0.239149028816696,0.87744,0.898754,0.0213140000000001,0.0242911196207149,0.95815,0.959067,0.000917000000000057,0.000957052653551173,0.845259622836476,0.848657840398397,0.00339821756192027,0.00402032401656276,0.471817,0.511962,0.040145,0.085085954935918,529200,568000,38800,0.073318216175359
"53033003300",6069,6572,503,0.0828802109078926,35.2,33.9,-1.3,-0.0369318181818183,73313,85595,12282,0.167528269201915,0.884174,0.889463,0.00528899999999999,0.00598185425040771,0.952051,0.971698,0.019647,0.020636499515257,0.867193936398089,0.85377358490566,-0.0134203514924283,-0.0154756057776073,0.414389,0.449779,0.03539,0.0854028461180195,407100,452200,45100,0.11078359125522
"53033003400",3450,3587,137,0.0397101449275362,37.5,37.3,-0.200000000000003,-0.00533333333333341,100956,97500,-3456,-0.0342327350528943,0.9397032,0.943447,0.00374380000000007,0.00398402389179911,0.974783,0.9632,-0.011583,-0.0118826446501427,0.843478260869565,0.856425982715361,0.0129477218457958,0.0153503918790363,0.665266,0.64741,-0.017856,-0.0268403916628837,485400,533300,47900,0.0986814997939843
"53033003500",3850,3960,110,0.0285714285714286,39.1,39,-0.100000000000001,-0.00255754475703328,81265,81563,298,0.00366701532024857,0.9210312,0.9125566,-0.0084746,-0.00920120838468881,0.968052,0.972222,0.00417000000000001,0.00430761983860372,0.822857142857143,0.815909090909091,-0.00694805194805193,-0.0084438131313131,0.54951,0.553504,0.00399399999999994,0.00726829357063555,547500,571000,23500,0.0429223744292237
"53033003600",5955,6122,167,0.0280436607892527,32.4,31.3,-1.1,-0.0339506172839506,64522,65172,650,0.0100740832584235,0.879406,0.843963,-0.035443,-0.0403033411188916,0.958354,0.931395,-0.0269590000000001,-0.0281305237939217,0.787573467674223,0.763966024175106,-0.0236074434991171,-0.0299749096028236,0.303385,0.269782,-0.033603,-0.11076025512138,493900,581800,87900,0.177971249240737
"53033003800",2201,2165,-36,-0.016356201726488,40.3,37.8,-2.5,-0.0620347394540943,82695,96310,13615,0.164641151218332,0.78635,0.846423,0.060073,0.076394735168818,0.953657,0.955196,0.00153900000000007,0.00161378776646118,0.748296228986824,0.773210161662818,0.0249139326759934,0.0332942111838868,0.755429,0.711449,-0.04398,-0.0582185751407479,537100,543100,6000,0.011171104077453
"53033003900",3092,3080,-12,-0.00388098318240621,39.1,38.4,-0.700000000000003,-0.0179028132992328,96520,110458,13938,0.144405304600083,0.782923,0.802761,0.019838,0.0253383793808587,0.925938,0.919481,-0.00645700000000005,-0.00697346906596343,0.852199223803364,0.823701298701299,-0.0284979251020648,-0.0334404494935804,0.785297,0.739018,-0.0462790000000001,-0.0589318436209486,543200,573700,30500,0.0561487481590574
"53033004000",2970,3125,155,0.0521885521885522,38.2,37.6,-0.600000000000001,-0.0157068062827226,75441,75714,273,0.00361872191513898,0.815917,0.851699,0.035782,0.043854950932509,0.927273,0.94592,0.018647,0.0201095038893616,0.677777777777778,0.73248,0.0547022222222222,0.0807081967213115,0.600453,0.636157,0.035704,0.0594617730280304,540700,663500,122800,0.227113001664509
"53033004100",8093,7868,-225,-0.0278018040281725,38.2,40.1,1.9,0.0497382198952879,118417,132917,14500,0.122448634908839,0.824719,0.807467,-0.017252,-0.0209186401671358,0.923761,0.920056,-0.00370500000000007,-0.00401077767950809,0.8488817496602,0.821174377224199,-0.0277073724360009,-0.0326398493631084,0.646029,0.662414,0.016385,0.0253626385193234,935000,932600,-2400,-0.0025668449197861
"53033004200",8012,8176,164,0.0204692960559161,38,38.3,0.299999999999997,0.00789473684210519,109663,110091,428,0.0039028660532723,0.883909,0.869202,-0.014707,-0.016638590624148,0.961308,0.951932,-0.00937600000000005,-0.00975337768956469,0.8172740888667,0.811399217221135,-0.00587487164556488,-0.00718837379723058,0.744627,0.751318,0.006691,0.00898570693783599,599000,623600,24600,0.0410684474123539
"53033004301",3541,3548,7,0.00197684269980232,30,32.2,2.2,0.0733333333333334,56875,64797,7922,0.139287912087912,0.826287,0.794251,-0.032036,-0.038771032341063,0.89325,0.871195,-0.0220549999999999,-0.0246907360761264,0.754871505224513,0.697857948139797,-0.0570135570847158,-0.0755274993030223,0.526096,0.544295,0.018199,0.0345925458471457,566700,579400,12700,0.0224104464443268
"53033004302",3543,3703,160,0.0451594693762348,21.2,21.4,0.199999999999999,0.00943396226415091,18414,18908,494,0.0268274139241881,0.742128,0.66115,-0.080978,-0.109115947653235,0.859441,0.783419,-0.076022,-0.0884551702792862,0.715213096246119,0.617067242776127,-0.0981458534699916,-0.137226029535983,0.0642599,0.0819444,0.0176845,0.275202731407923,404500,439100,34600,0.0855377008652658
"53033004400",6198,6607,409,0.0659890287189416,25.6,25.2,-0.400000000000002,-0.0156250000000001,54937,50500,-4437,-0.080765240184211,0.851319,0.847229,-0.00408999999999993,-0.00480430954788972,0.949984,0.952323,0.00233899999999998,0.00246214673089229,0.787350758309132,0.761313758135311,-0.0260370001738209,-0.0330691244010947,0.336024,0.24979,-0.086234,-0.256630478775326,617700,592800,-24900,-0.0403108305002428
"53033004500",3050,3052,2,0.000655737704918033,28.8,31,2.2,0.0763888888888889,89333,88914,-419,-0.00469031600864182,0.887621,0.885207,-0.00241400000000003,-0.00271962921111604,0.978689,0.97772,-0.000968999999999998,-0.000990100021559451,0.803606557377049,0.79259501965924,-0.0110115377178094,-0.0137026479148587,0.617944,0.615764,-0.00218000000000007,-0.00352782776432827,490700,504100,13400,0.0273079274505808
"53033004600",3333,3464,131,0.0393039303930393,35.8,36.6,0.800000000000004,0.0223463687150839,102353,113906,11553,0.112874073060878,0.812854,0.842137,0.0292830000000001,0.0360249196042587,0.957996,0.969688,0.011692,0.012204643860726,0.823282328232823,0.836027713625866,0.0127453853930427,0.0154811842255872,0.647346,0.682394,0.035048,0.0541410621213385,585700,643200,57500,0.0981731261738091
"53033004700",7425,8395,970,0.130639730639731,32.9,33.2,0.300000000000004,0.00911854103343478,60625,72396,11771,0.194160824742268,0.793927,0.821612,0.027685,0.0348709642070366,0.910303,0.928886,0.018583,0.0204140819045966,0.793670033670034,0.817867778439547,0.0241977447695138,0.0304884192963923,0.197215,0.206014,0.008799,0.0446162817229927,391600,427200,35600,0.0909090909090909
"53033004800",4790,4772,-18,-0.00375782881002088,34.2,33.9,-0.300000000000004,-0.00877192982456153,86814,93155,6341,0.0730412145506485,0.856895,0.894118,0.037223,0.0434393945582598,0.952818,0.969405,0.0165869999999999,0.017408361302998,0.87098121085595,0.889145012573345,0.0181638017173946,0.0208544128059253,0.496113,0.575414,0.079301,0.159844632170493,484700,535100,50400,0.10398184443986
"53033004900",6555,6923,368,0.056140350877193,31.5,31,-0.5,-0.0158730158730159,65000,71809,6809,0.104753846153846,0.894628,0.881743,-0.012885,-0.0144026343910542,0.929214,0.944244,0.01503,0.0161749607732987,0.814187643020595,0.82363137368193,0.00944373066133486,0.0115989609303073,0.283086,0.234905,-0.048181,-0.170199162092085,531700,510500,-21200,-0.039872108331766
"53033005000",3707,3695,-12,-0.00323711896412193,33,32.5,-0.5,-0.0151515151515152,62147,65625,3478,0.0559640851529438,0.887015,0.86402,-0.022995,-0.0259240260874957,0.961155,0.968606,0.00745099999999999,0.00775213155006215,0.813056379821958,0.863328822733424,0.0502724429114652,0.0618314352597217,0.27605,0.28836,0.01231,0.0445933707661655,495500,562300,66800,0.13481331987891
"53033005100",3617,3726,109,0.0301354713851258,39.1,39.6,0.5,0.0127877237851662,100152,99083,-1069,-0.0106737758606917,0.895088,0.881293,-0.013795,-0.0154118924619702,0.946364,0.954643,0.00827900000000004,0.0087482195011645,0.8208460049765,0.819645732689211,-0.00120027228728892,-0.00146223808121388,0.685232,0.639634,-0.0455979999999999,-0.0665438858663926,645000,649000,4000,0.0062015503875969
"53033005200",6642,6644,2,0.000301114122252334,23.7,23.8,0.100000000000001,0.00421940928270048,40352,38487,-1865,-0.0462182791435369,0.755943,0.653852,-0.102091,-0.135051187721826,0.902439,0.801626,-0.100813,-0.111711705721938,0.635049683830172,0.57269717037929,-0.0623525134508821,-0.0981852523330391,0.259298,0.242583,-0.016715,-0.0644625103163155,449700,450500,800,0.00177896375361352
"53033005301",6808,7377,569,0.0835781433607521,21.5,21.8,0.300000000000001,0.0139534883720931,11157,12269,1112,0.099668369633414,0.644363,0.614255,-0.030108,-0.0467252154453313,0.814924,0.786499,-0.028425,-0.034880553278588,0.544800235017626,0.51335231123763,-0.0314479237799958,-0.0577237705835027,0.0330609,0.0321135,-0.000947399999999994,-0.0286562071812925,190400,145000,-45400,-0.238445378151261
"53033005400",4778,5022,244,0.0510673922143156,31.7,31.5,-0.199999999999999,-0.00630914826498421,68430,84728,16298,0.23817039310244,0.898179,0.9027865,0.00460749999999999,0.00512982378790863,0.954165,0.959379,0.00521399999999994,0.0054644636933863,0.763290079531185,0.795898048586221,0.032607969055036,0.0427202841088462,0.400447,0.45517,0.054723,0.136654788274104,426600,460400,33800,0.0792311298640413
"53033005600",6199,6424,225,0.0362961768027101,47.7,47.7,0,0,147765,157292,9527,0.0644739958718235,0.897287,0.9373364,0.0400494,0.0446338796839807,0.953864,0.96373,0.00986599999999993,0.0103431935789588,0.904339409582191,0.865348692403487,-0.0389907171787038,-0.0431151366019952,0.914983,0.921637,0.00665400000000005,0.00727226626068468,719200,714400,-4800,-0.00667408231368187
"53033005700",6453,6633,180,0.0278940027894003,40.6,40.5,-0.100000000000001,-0.00246305418719215,79149,90951,11802,0.149111170071637,0.852383,0.87866,0.026277,0.0308276913077807,0.950721,0.969094,0.018373,0.019325333089308,0.848597551526422,0.829639680385949,-0.0189578711404728,-0.0223402378505242,0.643977,0.63371,-0.010267,-0.0159431159808503,578200,605300,27100,0.0468695952957454
"53033005801",5252,5212,-40,-0.00761614623000762,35.4,36.1,0.700000000000003,0.0197740112994351,65030,66563,1533,0.0235737351991389,0.82061,0.829996,0.00938599999999989,0.0114378328316739,0.932216,0.933615,0.00139899999999993,0.00150072515382693,0.770563594821021,0.717382962394474,-0.0531806324265462,-0.0690152412908873,0.410844,0.400306,-0.010538,-0.0256496383055369,403100,459200,56100,0.139171421483503
"53033005802",5298,5216,-82,-0.0154775386938467,35.8,33.6,-2.2,-0.0614525139664803,64844,62639,-2205,-0.0340046881746962,0.802154,0.769481,-0.0326730000000001,-0.040731580220257,0.935259,0.927339,-0.00791999999999993,-0.00846824248684047,0.798225745564364,0.740030674846626,-0.0581950707177381,-0.0729055295962583,0.428894,0.372455,-0.056439,-0.131591955121778,448700,470700,22000,0.0490305326498774
"53033005900",7896,7705,-191,-0.0241894630192503,25.3,28.5,3.2,0.126482213438735,81521,87667,6146,0.0753916168839931,0.9021979,0.89726,-0.00493790000000005,-0.00547318941886259,0.964159,0.965737,0.00157799999999997,0.00163665951362791,0.824341438703141,0.811421155094095,-0.0129202836090461,-0.0156734612654828,0.512792,0.572235,0.059443,0.115920295168411,679800,671100,-8700,-0.0127978817299206
"53033006000",5345,5564,219,0.0409728718428438,38,36.2,-1.8,-0.0473684210526315,85524,96538,11014,0.128782563958655,0.9260129,0.9274759,0.00146299999999999,0.00157989159762244,0.975304,0.95381,-0.0214939999999999,-0.0220382567896778,0.840972871842844,0.854061826024443,0.0130889541815991,0.0155640623138258,0.583088,0.525281,-0.0578070000000001,-0.0991394094887908,606800,576500,-30300,-0.0499340804218853
"53033006100",5352,5219,-133,-0.0248505231689088,32.5,33.2,0.700000000000003,0.0215384615384616,72573,76980,4407,0.0607250630399735,0.897241,0.888256,-0.00898499999999991,-0.0100140319044715,0.96207,0.961104,-0.000966000000000022,-0.00100408494184417,0.859118086696562,0.81318260203104,-0.0459354846655216,-0.0534681848477319,0.349128,0.377094,0.027966,0.0801024266171719,630300,637800,7500,0.0118990956687292
"53033006200",3874,4063,189,0.0487867836861125,40.9,40.3,-0.600000000000001,-0.0146699266503668,115038,131429,16391,0.142483353326727,0.9385506,0.9176439,-0.0209067000000001,-0.0222755171644449,0.976252,0.97588,-0.000372000000000039,-0.000381049155341079,0.860092927207021,0.82795963573714,-0.0321332914698811,-0.0373602554484752,0.801115,0.804266,0.00315100000000001,0.00393326800771427,766800,772800,6000,0.00782472613458529
"53033006300",5127,4988,-139,-0.0271113711722255,46.1,48.5,2.4,0.0520607375271149,106908,132000,25092,0.2347064765967,0.864751,0.896147,0.031396,0.0363064049651287,0.95826,0.966921,0.00866100000000003,0.00903825684052348,0.869319290033158,0.844226142742582,-0.0250931472905755,-0.0288652829613598,0.579816,0.612591,0.032775,0.0565265532513763,973800,1050700,76900,0.0789689874717601
"53033006400",3233,3341,108,0.0334055057222394,39.8,40.4,0.600000000000001,0.0150753768844221,143125,154868,11743,0.0820471615720524,0.935557,0.888924,-0.0466329999999999,-0.049845172448071,0.957006,0.961089,0.00408299999999995,0.00426643093146746,0.870399010207238,0.866207722238851,-0.00419128796838719,-0.00481536389544982,0.75,0.775621,0.025621,0.0341613333333333,821100,879600,58500,0.0712458896602119
"53033006500",4032,4449,417,0.103422619047619,39.8,37.3,-2.5,-0.0628140703517588,83839,98617,14778,0.176266415391405,0.9380508,0.925944,-0.0121068,-0.0129063372687278,0.973462,0.9755,0.00203799999999998,0.0020935588651637,0.840277777777778,0.895482130815914,0.0552043530381359,0.065697742458608,0.455864,0.430156,-0.025708,-0.0563940122492673,673200,833600,160400,0.238265002970885
"53033006600",3153,3585,432,0.137012369172217,32.3,32.2,-0.0999999999999943,-0.00309597523219797,73622,82154,8532,0.11588927222841,0.828994,0.877823,0.048829,0.0589015119530419,0.922931,0.895397,-0.0275339999999999,-0.0298332161342505,0.721535045987948,0.748953974895398,0.0274189289074496,0.0380008276242587,0.246877,0.191048,-0.055829,-0.226140952782155,407000,472900,65900,0.161916461916462
"53033006700",6677,7600,923,0.138235734611352,33,32.5,-0.5,-0.0151515151515152,78884,88719,9835,0.124676740530399,0.839535,0.799128,-0.040407,-0.0481302149404134,0.921671,0.853553,-0.068118,-0.0739070666213866,0.746143477609705,0.685526315789474,-0.0606171618202314,-0.0812406241416469,0.368927,0.306535,-0.062392,-0.169117467683309,390100,401300,11200,0.0287105870289669
"53033006800",2974,3206,232,0.078009414929388,38.7,35.3,-3.40000000000001,-0.0878552971576229,93438,98750,5312,0.0568505319035082,0.867636,0.839303,-0.0283329999999999,-0.0326553992688177,0.933087,0.928259,-0.00482800000000005,-0.00517422276808063,0.871889710827169,0.852776044915783,-0.0191136659113859,-0.0219221143156427,0.528431,0.469154,-0.059277,-0.11217547797158,653000,766200,113200,0.173353751914242
"53033006900",4237,4727,490,0.115647864054756,37.7,38.3,0.599999999999994,0.0159151193633951,87054,100172,13118,0.150688078663818,0.9279554,0.9454381,0.0174827,0.0188400218372564,0.968138,0.977999,0.0098609999999999,0.010185531401515,0.877271654472504,0.871377194838164,-0.00589445963434032,-0.0067190813749529,0.560651,0.532937,-0.027714,-0.049431821222115,703400,717300,13900,0.0197611600796133
"53033007000",7171,7503,332,0.0462975875052294,34.6,35.4,0.799999999999997,0.0231213872832369,54615,67572,12957,0.237242515792365,0.9172677,0.892002,-0.0252657000000001,-0.0275445216265656,0.983545,0.958816,-0.024729,-0.0251427235154467,0.78036536047971,0.768492602958816,-0.0118727575208935,-0.0152143574307232,0.227291,0.271501,0.04421,0.194508361527733,410300,402000,-8300,-0.0202291006580551
"53033007100",2983,3780,797,0.267180690579953,33.2,32,-1.2,-0.0361445783132531,67787,74143,6356,0.0937642910882618,0.883877,0.836779,-0.0470980000000001,-0.0532856947290178,0.913845,0.860847,-0.052998,-0.0579945176698455,0.766677841099564,0.730687830687831,-0.0359900104117334,-0.0469428076336689,0.245863,0.186747,-0.059116,-0.240442848252889,290800,285100,-5700,-0.0196011004126547
"53033007200",5552,6798,1246,0.224423631123919,30.5,31.1,0.600000000000001,0.019672131147541,51250,74559,23309,0.454809756097561,0.77551,0.745024,-0.030486,-0.0393109050818171,0.784222,0.768167,-0.0160549999999999,-0.0204725192611275,0.602845821325648,0.576640188290674,-0.0262056330349747,-0.0434698758918971,0.105382,0.120968,0.015586,0.147900020876431,401000,367200,-33800,-0.0842892768079801
"53033007300",4841,5594,753,0.155546374715968,35.7,36,0.299999999999997,0.00840336134453773,63652,76582,12930,0.203135800917489,0.82744,0.782861,-0.0445789999999999,-0.0538758097263849,0.866557,0.816053,-0.050504,-0.0582812209698843,0.686634992770089,0.655345012513407,-0.0312899802566815,-0.0455700344231634,0.0951648,0.116724,0.0215592,0.226545949762938,440100,464700,24600,0.0558963871847307
"53033007401",4330,5019,689,0.159122401847575,32.7,33.1,0.399999999999999,0.0122324159021406,62639,67834,5195,0.0829355513338336,0.845497,0.833433,-0.012064,-0.0142685308167858,0.897229,0.887428,-0.00980100000000006,-0.0109236326511961,0.74526558891455,0.727435744172146,-0.0178298447424038,-0.0239241486627234,0.216063,0.232982,0.016919,0.0783058644932265,254500,263400,8900,0.0349705304518664
"53033007402",5310,5210,-100,-0.0188323917137476,30.6,32.6,2,0.065359477124183,35812,41842,6030,0.168379314196359,0.802294,0.799178,-0.00311600000000012,-0.00388386302278232,0.905273,0.89904,-0.00623300000000004,-0.00688521584096736,0.653672316384181,0.662380038387716,0.0087077220035352,0.0133212341799977,0.195862,0.212587,0.016725,0.0853917554196321,261000,281300,20300,0.0777777777777778
"53033007500",7214,7783,569,0.0788744108677571,33.1,31.8,-1.3,-0.0392749244712991,52781,63419,10638,0.201549800117467,0.823094,0.808738,-0.014356,-0.0174415072883535,0.909204,0.922909,0.013705,0.0150736248410697,0.748960354865539,0.681613773609148,-0.0673465812563911,-0.0899200883182687,0.216797,0.190622,-0.026175,-0.120735065522124,405600,483000,77400,0.190828402366864
"53033007600",3927,3871,-56,-0.0142602495543672,32.7,34.1,1.4,0.0428134556574923,61329,68199,6870,0.112018783935822,0.874421,0.84442,-0.0300010000000001,-0.0343095602690238,0.950853,0.928184,-0.0226689999999999,-0.0238406988251601,0.704099821746881,0.733143890467579,0.0290440687206989,0.0412499305121824,0.334553,0.33967,0.00511700000000004,0.0152950354652328,439800,471900,32100,0.072987721691678
"53033007700",4570,5123,553,0.121006564551422,36.4,33.6,-2.8,-0.0769230769230768,87888,104632,16744,0.190515201165119,0.9120829,0.893003,-0.0190799,-0.0209190414599375,0.929322,0.899278,-0.030044,-0.0323289451879972,0.70218818380744,0.706226820222526,0.00403863641508595,0.00575150153223521,0.593438,0.553982,-0.039456,-0.0664871477728087,426400,431000,4600,0.0107879924953096
"53033007800",5568,5641,73,0.013110632183908,41.5,43.1,1.6,0.0385542168674699,150167,137358,-12809,-0.0852983678171636,0.880372,0.9025075,0.0221355,0.0251433484935913,0.957615,0.946463,-0.0111519999999999,-0.0116455987009392,0.714080459770115,0.667257578443538,-0.0468228813265765,-0.0655708760629724,0.782629,0.756098,-0.026531,-0.0338998427096363,768300,740300,-28000,-0.0364440973578029
"53033007900",5500,6216,716,0.130181818181818,32.6,32.8,0.199999999999996,0.00613496932515324,49398,57786,8388,0.16980444552411,0.773631,0.825749,0.0521180000000001,0.0673680346314976,0.900727,0.936776,0.036049,0.040022115468949,0.687454545454545,0.721525096525097,0.0340705510705511,0.0495604419169614,0.271181,0.316586,0.045405,0.167434296650576,350000,403400,53400,0.152571428571429
"53033008001",5348,5967,619,0.115744203440539,38.1,36.4,-1.7,-0.0446194225721786,76560,88068,11508,0.150313479623824,0.779322,0.771267,-0.00805499999999992,-0.0103359073656331,0.784218,0.832579,0.048361,0.0616678015551798,0.62602842183994,0.647561588738059,0.0215331668981192,0.034396468509899,0.277734,0.269781,-0.00795299999999999,-0.028635312925317,393500,378400,-15100,-0.0383735705209657
"53033008002",3107,3469,362,0.116511103958803,42.3,40.4,-1.9,-0.0449172576832151,36768,37466,698,0.0189838990426458,0.83682,0.810979,-0.025841,-0.0308799980879998,0.962987,0.936293,-0.026694,-0.0277200003738368,0.713550048278082,0.695012972038051,-0.0185370762400304,-0.0259786630030557,0.22119,0.193548,-0.027642,-0.124969483249695,480400,463600,-16800,-0.0349708576186511
"53033008100",4260,4435,175,0.0410798122065728,41.8,42.3,0.5,0.0119617224880383,53026,75531,22505,0.424414438200128,0.762393,0.751598,-0.010795,-0.0141593640025551,0.841315,0.822097,-0.0192180000000001,-0.0228428115509649,0.653990610328638,0.639007891770011,-0.0149827185586272,-0.0229096845153453,0.196838,0.204197,0.00735899999999998,0.037386073827208,534100,598600,64500,0.120763901891032
"53033008200",3590,3866,276,0.0768802228412256,38.6,33.6,-5,-0.129533678756477,47806,56318,8512,0.178052964063088,0.738397,0.754796,0.0163990000000001,0.0222089201337493,0.803064,0.78686,-0.016204,-0.0201777193349471,0.634818941504178,0.640455250905329,0.00563630940115023,0.00887860936820067,0.124649,0.13727,0.012621,0.101252316504745,394600,503600,109000,0.276229092752154
"53033008300",2718,2794,76,0.0279617365710081,38,38.6,0.600000000000001,0.0157894736842106,47356,49291,1935,0.0408607145873807,0.816182,0.819424,0.00324200000000008,0.0039721532697365,0.917219,0.905154,-0.012065,-0.0131538923637648,0.785504047093451,0.750536864710093,-0.0349671823833581,-0.044515597994364,0.21643,0.225823,0.00939299999999998,0.0433997135332439,346100,315700,-30400,-0.0878358855822017
"53033008400",4098,4127,29,0.00707662274280137,31,31.2,0.199999999999999,0.00645161290322578,41497,42339,842,0.0202906234185604,0.742397,0.80069,0.058293,0.0785199832434668,0.876281,0.92537,0.049089,0.0560197014428021,0.667886774036115,0.723285679670463,0.0553989056343476,0.0829465529008244,0.143404,0.110477,-0.032927,-0.229610052718195,344100,364700,20600,0.0598663179308341
"53033008500",4171,4311,140,0.0335650923040038,38.9,40.2,1.3,0.0334190231362469,20718,29883,9165,0.442368954532291,0.65054,0.710186,0.059646,0.0916869062624896,0.855191,0.883554,0.0283629999999999,0.0331656904714852,0.436825701270678,0.479935049872419,0.0431093486017409,0.0986877568703959,0.0836747,0.109333,0.0256583,0.306643465707077,328900,325800,-3100,-0.00942535725144421
"53033008600",4686,4890,204,0.0435339308578745,23.8,24,0.199999999999999,0.00840336134453779,40096,43375,3279,0.0817787310454908,0.764477,0.78492,0.0204430000000001,0.0267411576803489,0.910158,0.881595,-0.028563,-0.03138246326462,0.592189500640205,0.594887525562372,0.00269802492216742,0.00455601613883839,0.165513,0.197326,0.031813,0.192208467008634,301000,398800,97800,0.324916943521595
"53033008700",4214,4440,226,0.0536307546274324,31.9,30.7,-1.2,-0.0376175548589342,58632,56700,-1932,-0.0329512893982808,0.805603,0.746522,-0.0590810000000001,-0.0733376117020419,0.934029,0.901577,-0.032452,-0.0347441032344821,0.452776459420978,0.495045045045045,0.0422685856240673,0.0933542032598636,0.414141,0.364895,-0.049246,-0.118911192081924,399700,403500,3800,0.00950713034776082
"53033008800",3627,3867,240,0.0661703887510339,32.9,32.5,-0.399999999999999,-0.0121580547112462,72652,76524,3872,0.0532951604911083,0.823422,0.794462,-0.02896,-0.0351703014978954,0.93769,0.953194,0.015504,0.0165342490588574,0.604631927212572,0.623222136022757,0.0185902088101842,0.0307463234630817,0.499307,0.506693,0.00738599999999995,0.0147925024083379,455000,483100,28100,0.0617582417582418
"53033008900",4577,4686,109,0.0238147258029277,39.1,39.6,0.5,0.0127877237851662,73646,79953,6307,0.0856394101512642,0.852067,0.881275,0.029208,0.0342789944922172,0.952589,0.979087,0.026498,0.027816823414925,0.474765129997815,0.476739223218096,0.0019740932202813,0.00415804172536932,0.581339,0.48688,-0.0944590000000001,-0.162485228068304,447100,483200,36100,0.0807425631849698
"53033009000",3048,3478,430,0.141076115485564,38.3,37.6,-0.699999999999996,-0.0182767624020887,45239,44571,-668,-0.0147660204690643,0.579423,0.619988,0.040565,0.0700093023576903,0.850394,0.849626,-0.000767999999999991,-0.000903110793349895,0.329724409448819,0.378378378378378,0.0486539689295595,0.147559499798306,0.297641,0.27899,-0.018651,-0.0626627379964453,305600,302100,-3500,-0.0114528795811518
"53033009100",2569,2693,124,0.0482678084857921,42.6,34.2,-8.4,-0.197183098591549,21750,29464,7714,0.354666666666667,0.324511,0.278367,-0.046144,-0.142195487980377,0.688595,0.672484,-0.016111,-0.0233969169105207,0.20942000778513,0.160787226141849,-0.0486327816432812,-0.232226052121913,0.04,0.0675581,0.0275581,0.6889525,310500,251400,-59100,-0.190338164251208
"53033009200",2570,2637,67,0.0260700389105058,51.1,47.2,-3.9,-0.0763209393346379,19875,25625,5750,0.289308176100629,0.676435,0.701775,0.02534,0.0374611012144552,0.887938,0.928707,0.0407689999999999,0.0459142417601228,0.503112840466926,0.483503981797497,-0.0196088586694289,-0.0389750709825462,0.0476464,0.0438293,-0.0038171,-0.0801130830450988,278300,353600,75300,0.270571325907294
"53033009300",2400,2832,432,0.18,39.9,38.1,-1.8,-0.0451127819548871,60065,70458,10393,0.173029218346791,0.703814,0.669192,-0.0346219999999999,-0.0491919740158621,0.882083,0.855932,-0.0261509999999999,-0.0296468699657514,0.466666666666667,0.468220338983051,0.00155367231638415,0.00332929782082317,0.523109,0.521048,-0.00206100000000009,-0.00393990544991596,346500,347500,1000,0.00288600288600289
"53033009400",5680,5824,144,0.0253521126760563,38.4,38.5,0.100000000000001,0.0026041666666667,49654,47737,-1917,-0.0386071615579812,0.595506,0.563492,-0.032014,-0.0537593240034525,0.909859,0.877232,-0.032627,-0.0358594023909199,0.411971830985915,0.322458791208791,-0.0895130397771243,-0.217279515356438,0.434281,0.407598,-0.026683,-0.0614417853878018,334600,359500,24900,0.0744172145845786
"53033009500",5745,6301,556,0.0967798085291558,43.3,43,-0.299999999999997,-0.00692840646651264,94840,81676,-13164,-0.13880219316744,0.7657,0.774469,0.00876899999999992,0.0114522659004831,0.913664,0.926361,0.012697,0.0138967935696273,0.594952132288947,0.617362323440724,0.0224101911517768,0.0376672171348618,0.679445,0.696158,0.0167130000000001,0.024598017499577,516100,503600,-12500,-0.0242201123813214
"53033009600",5603,5342,-261,-0.0465821881135106,44.7,46.3,1.59999999999999,0.03579418344519,75289,77808,2519,0.033457742830958,0.848023,0.87264,0.024617,0.0290286937972201,0.97537,0.939536,-0.0358339999999999,-0.0367388785794108,0.826699982152418,0.812429801572445,-0.0142701805799735,-0.0172616195573385,0.537367,0.508251,-0.029116,-0.0541827093959994,578700,621100,42400,0.073267668913081
"53033009701",5899,5751,-148,-0.0250889981352772,44,44.1,0.100000000000001,0.00227272727272731,85262,82333,-2929,-0.0343529356571509,0.864193,0.870762,0.00656900000000005,0.00760131128116063,0.960502,0.951313,-0.009189,-0.00956687232301443,0.853364977114765,0.840549469657451,-0.0128155074573143,-0.0150176159099517,0.53374,0.520848,-0.012892,-0.0241540825120846,580700,618400,37700,0.0649216462889616
"53033009702",5374,5626,252,0.0468924451060662,41.2,42.3,1.09999999999999,0.0266990291262135,89440,106319,16879,0.188718694096601,0.890229,0.9248135,0.0345844999999999,0.038848992787249,0.976554,0.986136,0.00958199999999998,0.00981205340411281,0.866765909936732,0.859225026661927,-0.00754088327480562,-0.00870002291086419,0.782092,0.846051,0.063959,0.0817793814538443,420900,457500,36600,0.0869565217391304
"53033009800",6754,6902,148,0.0219129404797157,40.3,40.5,0.200000000000003,0.00496277915632761,70640,71705,1065,0.0150764439411099,0.9014832,0.9303923,0.0289091,0.032068373542624,0.952325,0.944799,-0.00752599999999992,-0.0079027642874018,0.850162866449511,0.838307736887859,-0.0118551295616528,-0.0139445393694537,0.646903,0.649042,0.002139,0.00330652354371521,441100,459700,18600,0.0421673090002267
"53033009900",4751,5054,303,0.0637760471479688,36.5,36.5,0,0,66250,67277,1027,0.0155018867924528,0.814363,0.831798,0.0174350000000001,0.0214093714964949,0.931804,0.942422,0.010618,0.0113951002571356,0.681540728267733,0.652948159873368,-0.0285925683943655,-0.0419528389257661,0.565271,0.574329,0.00905800000000001,0.0160241724765644,317200,331700,14500,0.0457124842370744
"53033010001",4229,4207,-22,-0.00520217545519035,36.9,35.9,-1,-0.02710027100271,48924,51316,2392,0.0488921592674352,0.418567,0.476178,0.057611,0.137638657610371,0.878222,0.893511,0.0152890000000001,0.0174090378059307,0.257507685031922,0.306631804135964,0.0491241191040414,0.190767584656557,0.480911,0.51054,0.029629,0.0616101523982608,356100,367200,11100,0.0311710193765796
"53033010002",4268,4763,495,0.115979381443299,33.7,35.5,1.8,0.0534124629080118,59417,66458,7041,0.118501438982109,0.478593,0.499558,0.0209649999999999,0.043805488170533,0.806701,0.785639,-0.021062,-0.0261088061127977,0.289831302717901,0.358807474280915,0.0689761715630148,0.237987308189933,0.497561,0.463842,-0.033719,-0.0677685751093836,348500,383700,35200,0.101004304160689
"53033010100",5814,6756,942,0.162022703818369,43.3,43.2,-0.0999999999999943,-0.00230946882217077,57750,59275,1525,0.0264069264069264,0.676771,0.746459,0.069688,0.102971315260258,0.914861,0.936057,0.021196,0.0231685469158703,0.431888544891641,0.430580224985198,-0.00130831990644253,-0.00302929985506049,0.573696,0.570815,-0.00288100000000002,-0.00502182340473007,413600,450500,36900,0.0892166344294004
"53033010200",4605,4569,-36,-0.00781758957654723,43,41.8,-1.2,-0.0279069767441861,85240,84324,-916,-0.0107461285781323,0.811567,0.771818,-0.039749,-0.0489780880691305,0.962215,0.955351,-0.00686400000000009,-0.0071335408406646,0.596742671009772,0.616108557671263,0.0193658866614909,0.032452659416363,0.847747,0.772345,-0.0754020000000001,-0.0889439891854528,445700,445000,-700,-0.00157056315907561
"53033010300",5840,6371,531,0.0909246575342466,37.5,38,0.5,0.0133333333333333,48667,57750,9083,0.186635707974603,0.583442,0.633496,0.050054,0.0857908755283302,0.823288,0.841155,0.017867,0.0217020046447901,0.326369863013699,0.375608224768482,0.0492383617547835,0.150866753750229,0.435578,0.491945,0.056367,0.129407362171643,325900,356900,31000,0.0951212028229518
"53033010401",4783,4711,-72,-0.0150533138197784,37.9,41.6,3.7,0.0976253298153035,58571,60682,2111,0.0360417271345888,0.387621,0.339138,-0.0484829999999999,-0.125078362627412,0.864938,0.85311,-0.0118279999999999,-0.0136749686104668,0.174576625548819,0.153258331564424,-0.021318293984395,-0.122114251649535,0.75067,0.782857,0.0321870000000001,0.0428776959249738,353200,347400,-5800,-0.0164212910532276
"53033010402",4743,5218,475,0.100147585916087,40.1,40.1,0,0,87750,79432,-8318,-0.0947920227920228,0.390069,0.403755,0.013686,0.0350861001515116,0.829644,0.799732,-0.029912,-0.0360540183500394,0.213577904279992,0.208700651590648,-0.0048772526893438,-0.0228359422562267,0.704561,0.616551,-0.08801,-0.124914663173238,333000,322000,-11000,-0.033033033033033
"53033010500",6257,6631,374,0.0597730541793192,40.3,40.7,0.400000000000006,0.00992555831265523,59223,66794,7571,0.127838846394137,0.839966,0.835065,-0.00490100000000004,-0.00583475997838013,0.944702,0.959885,0.0151829999999999,0.0160717347904418,0.788876458366629,0.788870456944654,-6.00142197548781e-06,-7.60755617921945e-06,0.404477,0.403509,-0.000967999999999969,-0.00239321395283284,363700,380700,17000,0.0467418201814682
"53033010600",7701,8079,378,0.0490845344760421,40.3,41.8,1.5,0.0372208436724566,82000,90208,8208,0.10009756097561,0.890469,0.899759,0.00929000000000002,0.0104327045635502,0.965199,0.966828,0.00162899999999999,0.00168773486089396,0.816517335410986,0.764574823616784,-0.0519425117942013,-0.0636147079082608,0.640677,0.644357,0.00367999999999991,0.0057439240053879,416500,448100,31600,0.0758703481392557
"53033010701",3126,3700,574,0.183621241202815,33.8,29.8,-4,-0.118343195266272,50286,55504,5218,0.10376645587241,0.726604,0.725587,-0.00101700000000005,-0.00139966198919913,0.922585,0.889189,-0.033396,-0.0361982906724041,0.498400511836212,0.47027027027027,-0.0281302415659421,-0.0564410366721021,0.43609,0.420685,-0.015405,-0.0353252768923846,289000,291000,2000,0.0069204152249135
"53033010702",3690,4393,703,0.190514905149051,29.2,29.3,0.100000000000001,0.00342465753424662,40625,48036,7411,0.182424615384615,0.561255,0.507582,-0.0536730000000001,-0.0956303284603257,0.904878,0.933303,0.028425,0.0314130744697076,0.337127371273713,0.287502845435921,-0.0496245258377919,-0.147198151399881,0.35084,0.361775,0.010935,0.0311680538137043,320800,325500,4700,0.0146508728179551
"53033010800",4706,4670,-36,-0.00764980875478113,36.3,36,-0.299999999999997,-0.00826446280991728,69468,74107,4639,0.0667789485806414,0.739626,0.76118,0.021554,0.0291417554277432,0.930089,0.934475,0.00438599999999989,0.00471567774696818,0.499362515937102,0.477087794432548,-0.0222747215045534,-0.0446063146384801,0.633001,0.62071,-0.0122910000000001,-0.0194170309367601,285100,307700,22600,0.0792704314275693
"53033010900",1131,1055,-76,-0.0671971706454465,38.1,38.7,0.600000000000001,0.015748031496063,47734,42159,-5575,-0.11679306154942,0.746416,0.920078,0.173662,0.23266114338385,0.870911,0.981043,0.110132,0.126456090231953,0.657824933687003,0.757345971563981,0.0995210378769784,0.15128802935331,0.450886,0.40871,-0.042176,-0.0935402740382269,280600,303800,23200,0.082679971489665
"53033011001",4676,4932,256,0.0547476475620188,36.9,37.3,0.399999999999999,0.010840108401084,27292,29286,1994,0.0730617030631687,0.323536,0.337399,0.013863,0.0428484001780326,0.856501,0.849554,-0.00694699999999993,-0.00811090705089653,0.117408041060736,0.135239253852393,0.0178312127916569,0.151873863413092,0.363294,0.338611,-0.024683,-0.0679422175978684,317000,290600,-26400,-0.0832807570977918
"53033011002",4347,4722,375,0.0862663906142167,30.2,34.2,4,0.132450331125828,44734,47604,2870,0.0641570170340233,0.275724,0.258902,-0.016822,-0.0610102856479668,0.878767,0.811097,-0.06767,-0.0770056226508278,0.0754543363239015,0.0586615840745447,-0.0167927522493569,-0.222555164719373,0.460745,0.549296,0.088551,0.192190908203019,297400,328000,30600,0.102891728312038
"53033011101",4711,5096,385,0.0817236255572065,37.1,37.6,0.5,0.0134770889487871,51823,52412,589,0.0113656098643459,0.437015,0.451312,0.014297,0.0327151241948217,0.809807,0.804356,-0.00545100000000009,-0.00673123349143696,0.172999363192528,0.185832025117739,0.0128326619252113,0.0741775096069575,0.475716,0.488812,0.013096,0.0275290299254177,299300,303300,4000,0.0133645172068159
"53033011102",4390,4681,291,0.0662870159453303,36.4,34.2,-2.2,-0.0604395604395603,74474,61901,-12573,-0.168824019120767,0.553835,0.527186,-0.0266490000000001,-0.0481172190273279,0.823462,0.79342,-0.030042,-0.036482557786516,0.404555808656036,0.408032471694082,0.003476663038046,0.00859377856814299,0.631915,0.585415,-0.0465,-0.073585846197669,413300,437400,24100,0.0583111541253327
"53033011200",4745,4174,-571,-0.120337197049526,31.4,32.9,1.5,0.0477707006369427,43295,35425,-7870,-0.181776186626631,0.459491,0.589408,0.129917,0.282741120065464,0.782719,0.896742,0.114023,0.145675523399841,0.262381454162276,0.356013416387159,0.0936319622248825,0.356854345989612,0.445007,0.42236,-0.022647,-0.0508913342936178,240700,250000,9300,0.038637307852098
"53033011300",6234,6969,735,0.117901828681424,39.9,41.3,1.4,0.0350877192982456,53182,47363,-5819,-0.109416719942838,0.689955,0.740842,0.050887,0.0737540854113674,0.905679,0.894676,-0.011003,-0.0121488960216589,0.502245749117741,0.507533362031855,0.00528761291411395,0.010527939606064,0.514738,0.432542,-0.082196,-0.159685121362713,280100,280000,-100,-0.000357015351660121
"53033011401",4023,4041,18,0.00447427293064877,34.9,34.2,-0.699999999999996,-0.0200573065902578,63810,54622,-9188,-0.143989970224103,0.625922,0.676009,0.0500870000000001,0.0800211527953964,0.873975,0.876021,0.0020460000000001,0.00234102806144352,0.438727317921949,0.443702053947043,0.00497473602509402,0.0113390158804268,0.441106,0.454112,0.013006,0.0294849764002304,281600,281900,300,0.00106534090909091
"53033011402",4334,4405,71,0.0163820950622981,35.2,37.8,2.59999999999999,0.0738636363636362,51036,47701,-3335,-0.0653460302531546,0.571718,0.60934,0.037622,0.0658051696815564,0.84587,0.854938,0.00906799999999996,0.0107203234539586,0.441624365482233,0.448354143019296,0.00672977753706278,0.0152386916643835,0.43382,0.396267,-0.037553,-0.0865635517034715,262800,251700,-11100,-0.0422374429223744
"53033011500",4015,4252,237,0.0590286425902864,42.1,39.6,-2.5,-0.0593824228028504,71029,75123,4094,0.0576384293739177,0.826339,0.851042,0.024703,0.0298945106064219,0.926027,0.937676,0.0116489999999999,0.0125795468166694,0.73574097135741,0.729303857008467,-0.00643711434894312,-0.00874915846682689,0.701036,0.676607,-0.024429,-0.0348469978717213,345600,350500,4900,0.0141782407407407
"53033011600",6614,6570,-44,-0.00665255518596916,44.2,45.7,1.5,0.0339366515837104,104375,102500,-1875,-0.0179640718562874,0.879465,0.9246978,0.0452328000000001,0.0514321775170133,0.976867,0.994216,0.0173489999999999,0.0177598383403267,0.819776232234654,0.86468797564688,0.0449117434122259,0.0547853690388164,0.731572,0.704819,-0.026753,-0.0365691961966833,474400,521200,46800,0.0986509274873524
"53033011700",6380,5456,-924,-0.144827586206897,34.3,39.1,4.8,0.139941690962099,51338,60917,9579,0.186586933655382,0.33611,0.407042,0.070932,0.211038053018357,0.826489,0.87335,0.0468609999999999,0.0566988792349323,0.106583072100313,0.117302052785924,0.0107189806856103,0.100569259962049,0.67577,0.728824,0.053054,0.0785089601491632,300100,283700,-16400,-0.0546484505164945
"53033011800",7842,8010,168,0.0214231063504208,34.1,32.8,-1.3,-0.0381231671554253,34745,38846,4101,0.118031371420348,0.503097,0.454545,-0.048552,-0.096506240347289,0.805917,0.80362,-0.00229699999999999,-0.00285016943432139,0.240372353991329,0.191635455680399,-0.0487368983109293,-0.202755839020853,0.481148,0.455428,-0.02572,-0.0534554856302011,331900,344900,13000,0.0391684242241639
"53033011900",7494,7428,-66,-0.00880704563650921,39.1,37.5,-1.6,-0.040920716112532,68846,71524,2678,0.0388984109461697,0.669275,0.636957,-0.0323180000000001,-0.0482880729147213,0.906458,0.890415,-0.016043,-0.0176985585653169,0.228182546036829,0.238826063543349,0.01064351750652,0.0466447486513807,0.680112,0.674584,-0.00552800000000009,-0.00812807302326689,279700,280300,600,0.00214515552377547
"53033012000",3385,3474,89,0.0262924667651403,37.5,37.1,-0.399999999999999,-0.0106666666666666,77857,83421,5564,0.0714643513107363,0.889917,0.9393371,0.0494201000000001,0.0555333812029662,0.974889,0.978411,0.00352200000000003,0.00361271898646925,0.804135893648449,0.816062176165803,0.0119262825173541,0.014831177928451,0.801255,0.793956,-0.00729900000000006,-0.00910945953535398,341800,343100,1300,0.00380339379754242
"53033012100",2883,2853,-30,-0.0104058272632674,45,45.3,0.299999999999997,0.0066666666666666,103385,110060,6675,0.0645644919475746,0.886674,0.866171,-0.0205029999999999,-0.023123492963592,0.972251,0.969506,-0.002745,-0.00282334500041656,0.782171349288935,0.767963547143358,-0.0142078021455773,-0.0181645647830152,0.899574,0.868309,-0.031265,-0.0347553397497037,441300,429300,-12000,-0.0271923861318831
"53033026001",6020,5755,-265,-0.0440199335548173,41.4,41.7,0.300000000000004,0.00724637681159431,71635,73750,2115,0.0295246736930272,0.724982,0.687629,-0.037353,-0.0515226584935901,0.960133,0.904257,-0.055876,-0.0581961040814138,0.345348837209302,0.340747176368375,-0.004601660840927,-0.0133246744888795,0.775148,0.761136,-0.0140119999999999,-0.0180765479624535,312800,324700,11900,0.0380434782608696
"53033026400",6074,5711,-363,-0.0597629239380968,31.9,31.3,-0.599999999999998,-0.018808777429467,43861,43487,-374,-0.00852693737032899,0.659707,0.589324,-0.0703830000000001,-0.106688272217818,0.855943,0.793556,-0.062387,-0.0728868627934336,0.399242673691143,0.358781299247067,-0.0404613744440755,-0.101345314793119,0.398569,0.423722,0.025153,0.0631082698353359,231500,216300,-15200,-0.065658747300216
"53033026500",4076,4313,237,0.0581452404317959,34.4,37.6,3.2,0.0930232558139536,35857,29107,-6750,-0.188247761943275,0.502971,0.497836,-0.00513500000000011,-0.010209336124747,0.868253,0.830049,-0.038204,-0.0440009997086103,0.301766437684004,0.273359610479944,-0.0284068272040596,-0.0941351444583307,0.350877,0.35098,0.00010300000000002,0.000293550161452645,226100,224800,-1300,-0.00574966828836798
